<?xml version="1.0" encoding="utf-8"?><!DOCTYPE nta PUBLIC '-//Uppaal Team//DTD Flat System 1.1//EN' 'http://www.it.uu.se/research/group/darts/uppaal/flat-1_1.dtd'><nta><declaration>// Place global declarations here.
chan brake, accelerate, maintain;

int speed;
bool engine_status = true;

</declaration><template><name x="5" y="5">vehicle</name><declaration>// Place local declarations here.

clock x;</declaration><location id="id0" x="352" y="-64"><name x="336" y="-40">gear3</name><label kind="invariant" x="360" y="-88">x&lt;=10</label></location><location id="id1" x="-120" y="-200"><name x="-152" y="-240">gear_reverse</name><label kind="invariant" x="-104" y="-216">x&lt;=10</label></location><location id="id2" x="200" y="-64"><name x="184" y="-48">gear2</name><label kind="invariant" x="216" y="-64">x&lt;=10</label></location><location id="id3" x="32" y="-64"><name x="16" y="-48">gear1</name><label kind="invariant" x="40" y="-64">x&lt;=10</label></location><location id="id4" x="-120" y="-64"><name x="-112" y="-56">idle</name></location><location id="id5" x="-304" y="-64"><name x="-320" y="-96">start</name></location><init ref="id5"/><transition><source ref="id0"/><target ref="id0"/><label kind="guard" x="288" y="32">speed &gt; 20 &amp;&amp; speed &lt; 30</label><label kind="synchronisation" x="328" y="16">maintain!</label><label kind="assignment" x="352" y="48">x=0</label><nail x="408" y="16"/><nail x="304" y="16"/></transition><transition><source ref="id2"/><target ref="id2"/><label kind="guard" x="112" y="32">speed &lt; 10 &amp;&amp; speed &gt; 20</label><label kind="synchronisation" x="176" y="16">maintain!</label><label kind="assignment" x="192" y="48">x=0</label><nail x="264" y="16"/><nail x="136" y="16"/></transition><transition><source ref="id0"/><target ref="id2"/><label kind="synchronisation" x="248" y="-136">brake!</label><label kind="assignment" x="256" y="-120">x=0</label><nail x="320" y="-120"/><nail x="232" y="-120"/></transition><transition><source ref="id2"/><target ref="id3"/><label kind="synchronisation" x="96" y="-136">brake!</label><label kind="assignment" x="104" y="-120">x=0</label><nail x="160" y="-120"/><nail x="72" y="-120"/></transition><transition><source ref="id3"/><target ref="id3"/><label kind="guard" x="-40" y="32">speed&lt;0 &amp;&amp; speed&gt;10</label><label kind="synchronisation" x="0" y="16">maintain!</label><label kind="assignment" x="16" y="48">x=0</label><nail x="88" y="16"/><nail x="-32" y="16"/></transition><transition><source ref="id3"/><target ref="id4"/><label kind="synchronisation" x="-64" y="-144">brake!</label><label kind="assignment" x="-56" y="-120">x=0</label><nail x="8" y="-120"/><nail x="-88" y="-120"/></transition><transition><source ref="id4"/><target ref="id4"/><label kind="guard" x="-208" y="32">speed==0</label><label kind="synchronisation" x="-200" y="16">maintain!</label><nail x="-120" y="16"/><nail x="-216" y="16"/></transition><transition><source ref="id1"/><target ref="id4"/><label kind="synchronisation" x="-232" y="-176">brake!</label><label kind="assignment" x="-232" y="-161">x=0</label><nail x="-192" y="-200"/><nail x="-192" y="-112"/></transition><transition><source ref="id4"/><target ref="id1"/><label kind="synchronisation" x="-136" y="-167">accelerate?</label><label kind="assignment" x="-136" y="-152">x=0</label></transition><transition><source ref="id2"/><target ref="id0"/><label kind="synchronisation" x="240" y="-80">accelerate?</label><label kind="assignment" x="272" y="-64">x=0</label></transition><transition><source ref="id3"/><target ref="id2"/><label kind="synchronisation" x="80" y="-80">accelerate?</label><label kind="assignment" x="104" y="-64">x=0</label></transition><transition><source ref="id4"/><target ref="id3"/><label kind="synchronisation" x="-80" y="-80">accelerate?</label><label kind="assignment" x="-56" y="-64">x=0</label></transition><transition><source ref="id5"/><target ref="id4"/><label kind="guard" x="-280" y="-88">engine_status==true</label></transition></template><template><name>speed_control</name><location id="id6" x="216" y="-40"><name x="224" y="-32">maintain_speed</name></location><location id="id7" x="24" y="80"><name x="-24" y="96">decrease_speed</name></location><location id="id8" x="24" y="-168"><name x="14" y="-198">increase_speed</name></location><location id="id9" x="-152" y="-40"><name x="-192" y="-56">idle</name></location><init ref="id9"/><transition><source ref="id6"/><target ref="id7"/><label kind="synchronisation" x="112" y="0">brake?</label></transition><transition><source ref="id8"/><target ref="id6"/><label kind="synchronisation" x="60" y="-119">maintain?</label></transition><transition><source ref="id7"/><target ref="id8"/><label kind="synchronisation" x="-104" y="-64">accelerate!</label><nail x="-64" y="32"/><nail x="-64" y="-104"/></transition><transition><source ref="id7"/><target ref="id9"/><label kind="synchronisation" x="-124" y="5">brake?</label><nail x="-152" y="80"/></transition><transition><source ref="id7"/><target ref="id6"/><label kind="synchronisation" x="136" y="56">maintain?</label><nail x="216" y="80"/></transition><transition><source ref="id6"/><target ref="id8"/><label kind="synchronisation" x="136" y="-192">accelerate!</label><nail x="216" y="-168"/></transition><transition><source ref="id9"/><target ref="id8"/><label kind="synchronisation" x="-120" y="-192">accelerate!</label><nail x="-152" y="-168"/></transition><transition><source ref="id8"/><target ref="id7"/><label kind="synchronisation" x="0" y="-48">brake?</label></transition></template><system>// Place template instantiations here.
V1 = vehicle();
V2 = vehicle();
V3 = vehicle();
V4 = vehicle();

SC = speed_control();
// List one or more processes to be composed into a system.
system V1, V2, V3, V4, SC;
    </system></nta>